Time,User,Tweet
2022-06-06 21:15:01+00:00,domstechchat,Best of both worlds is the security of working at a large company and the impact and visibility of working on a small team
2022-06-06 21:14:12+00:00,iamKierraD,RT @fienixtaranova: All of the men are quiet and of course the women are speaking up in support. Happens every single time. A man that they‚Ä¶
2022-06-06 21:13:41+00:00,ericjang11,"&lt;hits blunt&gt;
startup idea:
1. build a great semantic search engine for twitter using LLMs
2. Let users search tweet‚Ä¶ https://t.co/Zu6cDkMiGr"
2022-06-06 21:13:29+00:00,goal,Angel Di Maria thinks Mauricio Pochettino's expected departure from PSG will be good for Lionel Messi üìà https://t.co/uGXcUgoCw4
2022-06-06 21:13:14+00:00,py_data_sci,"RT @softfree7: SystemCare PRO License FREE

#Telegram https://t.co/r4mi2s1hNh

#DataScience #tech #innovation #digital #cloud #AI #MachineL‚Ä¶"
2022-06-06 21:12:42+00:00,IBTimes,Blinken says reports of Russia stealing Ukraine grain 'credible' https://t.co/2XR0lsn1jx
2022-06-06 21:12:41+00:00,HaramainInfo,"Daily Prayer Times in Haramain
‚Ä¢ 07 Dhul Qadah - 07 June
#haramaininfo https://t.co/5fD19KN8lJ"
2022-06-06 21:12:35+00:00,Life__Quotes,"The greatest glory in living lies not in never falling, but in rising every time we fall. - Nelson Mandela #quote"
2022-06-06 21:12:29+00:00,FabrizioRomano,"AS Roma are in talks to sign Zeki Celik as new right back from Lille, as per @DiMarzio. Ola Solbakken is also top t‚Ä¶ https://t.co/ZaaPeImubS"
2022-06-06 21:12:18+00:00,FabrizioRomano,"AC Milan are offering ‚Ç¨2.5m for Alessandro Florenzi, buy option was worth ‚Ç¨4.5m. Talks ongoing as the player wants‚Ä¶ https://t.co/FBea47T4Yu"
2022-06-06 21:12:05+00:00,jeremyphoward,This is a really valuable set of tools for anyone using fastai: https://t.co/2pU0wkyH3i
2022-06-06 21:11:33+00:00,GuardianNigeria,A 66-year-old British man was sentenced to 15 years in prison for trying to smuggle ancient artifacts out of Iraq.‚Ä¶ https://t.co/lRHi1bkLAk
2022-06-06 21:11:21+00:00,domstechchat,I feel like everyone I know met their ‚Äúone‚Äù right after they decided they were taking a break from dating üòÇ
2022-06-06 21:11:12+00:00,py_data_sci,"RT @HeroinVerbal: Ô£ø Brought To You By @icp 
#Python #Roblox #IoT #IIoT #Azure #PyTorch #Cython #RStats #DotNet #Web3 #Java #BTSV #ADA #CSha‚Ä¶"
2022-06-06 21:10:45+00:00,py_data_sci,"RT @byLilyV: #FEATURED #COURSES

Machine Learning, Data Science and Deep Learning with Python

Complete hands-on #machine #learning tutoria‚Ä¶"
2022-06-06 21:10:21+00:00,py_data_sci,"RT @Femisonic: HEY DEVS, TAKE THIS SURVEY &amp; WIN A MACBOOK 
https://t.co/RLKrSgjmK0

#BigData #AppleEvent  #DataScience #AI #MachineLearning‚Ä¶"
2022-06-06 21:09:34+00:00,harrisonJNIOR,That Kelly type of girlü§ß&gt;&gt;
2022-06-06 21:09:33+00:00,py_data_sci,"RT @Femisonic: HEY DEVS, TAKE THIS SURVEY &amp; WIN A MACBOOK 
https://t.co/RLKrSgjmK0

#BigData #Analytics #DataScience #AI #MachineLearning #‚Ä¶"
2022-06-06 21:09:33+00:00,ramalhoorg,RT @rochacbruno: üéâ
2022-06-06 21:09:18+00:00,matajson,"I felt really bad reading all the bad comments he was getting.

People are really mean. https://t.co/bKeEyVhjjK"
